{
  "short_window": 8,
  "mid_window": 16,
  "long_window": 31,
  "w_short": 6.001750704537966,
  "w_mid": 1.5204916040264091,
  "w_long": 0.528864926825696,
  "omission_weight": 0.6792423611179732,
  "omission_cap": 5.224658243547977,
  "transition_weight": 2.5291278395404424,
  "miss_streak_bonus": 5.072136142070317,
  "recent_boost": 4.829765750689438,
  "recent_window": 3,
  "streak_bonus": 1.7935857338136882
}