{
  "short_window": 9,
  "mid_window": 23,
  "long_window": 69,
  "w_short": 2.745486163841586,
  "w_mid": 1.5590031004760645,
  "w_long": 1.2275011766935187,
  "omission_weight": 1.1982767785852781,
  "omission_cap": 6.515541770039662,
  "transition_weight": 2.24949671134408,
  "miss_streak_bonus": 7.080517448758956,
  "recent_boost": 2.0541715744130906,
  "recent_window": 5,
  "streak_bonus": 1.4910193956587159
}