{
  "short_window": 4,
  "mid_window": 31,
  "long_window": 52,
  "w_short": 3.01328206784078,
  "w_mid": 2.466526961358927,
  "w_long": 1.4947072841129452,
  "omission_weight": 0.7893985623304125,
  "omission_cap": 3.228411589876906,
  "transition_weight": 5.532075761649168,
  "miss_streak_bonus": 5.234232284844136,
  "recent_boost": 2.6994290227835274,
  "recent_window": 4,
  "streak_bonus": 1.8621308915213148
}