{
  "short_window": 7,
  "mid_window": 32,
  "long_window": 70,
  "w_short": 2.7201901885076376,
  "w_mid": 1.27363728960754,
  "w_long": 0.3881358053063071,
  "omission_weight": 1.192842829256997,
  "omission_cap": 7.5844171609415385,
  "transition_weight": 6.081871552750042,
  "miss_streak_bonus": 7.442382540824605,
  "recent_boost": 1.2121548785003535,
  "recent_window": 3
}