{
  "short_window": 11,
  "mid_window": 20,
  "long_window": 54,
  "w_short": 2.478185909567964,
  "w_mid": 1.1453589026666415,
  "w_long": 0.9454897939599192,
  "omission_weight": 0.9370913315878369,
  "omission_cap": 7.81125761150772,
  "transition_weight": 6.459062331739455,
  "miss_streak_bonus": 5.324208624222015,
  "recent_boost": 1.5916331513592563,
  "recent_window": 5
}