{
  "short_window": 4,
  "mid_window": 29,
  "long_window": 54,
  "w_short": 4.985968646540488,
  "w_mid": 2.2535806362058866,
  "w_long": 0.7595906149788523,
  "omission_weight": 0.9398893780992733,
  "omission_cap": 3.800385923824425,
  "transition_weight": 3.4986706324750902,
  "miss_streak_bonus": 7.169186534228253,
  "recent_boost": 2.6323829114528574,
  "recent_window": 6,
  "streak_bonus": 2.8033721612448614,
  "single_threshold": 0.6446687351944558,
  "unilateral_hot_weight": 1.6347848991576774,
  "unilateral_trans_weight": 1.7416482682288348,
  "unilateral_rev_weight": 1.162846654690499,
  "chaos_cold_weight": 2.3984632891117594,
  "chaos_rev_weight": 1.4826372521173818,
  "chaos_hot_weight": 0.8432994701358103,
  "rotate_trans_weight": 2.6754076079190168,
  "rotate_cold_weight": 1.300144781743867,
  "rotate_rev_weight": 1.4124853808398492,
  "market_hot_weight": 1.2552722136081427,
  "market_cold_weight": 0.7596996972786458,
  "market_trans_weight": 1.0557786631291364,
  "market_rev_weight": 0.5448113413177906
}