{
  "short_window": 5,
  "mid_window": 17,
  "long_window": 38,
  "w_short": 3.765100639851041,
  "w_mid": 1.5353243249679733,
  "w_long": 0.5593774034829053,
  "omission_weight": 0.6375380239533989,
  "omission_cap": 5.065263391116687,
  "transition_weight": 5.084489148071188,
  "miss_streak_bonus": 7.087726544663312,
  "recent_boost": 2.4706759873752477,
  "recent_window": 4,
  "streak_bonus": 0.7818629899877384,
  "single_threshold": 0.6304406295377079,
  "unilateral_hot_weight": 1.6284377297606303,
  "unilateral_trans_weight": 1.4848153379682478,
  "unilateral_rev_weight": 0.8822134698087891,
  "chaos_cold_weight": 2.406729356722183,
  "chaos_rev_weight": 1.854641814418237,
  "chaos_hot_weight": 0.6886648282555916,
  "rotate_trans_weight": 2.797674017033917,
  "rotate_cold_weight": 1.2150142682023295,
  "rotate_rev_weight": 1.3150062897521786,
  "market_hot_weight": 1.9582917532753008,
  "market_cold_weight": 1.469358946908224,
  "market_trans_weight": 1.2148798238500302,
  "market_rev_weight": 0.9936606346036351
}