{
  "short_window": 8,
  "mid_window": 16,
  "long_window": 69,
  "w_short": 2.166392882692211,
  "w_mid": 1.871549798726103,
  "w_long": 0.8887981509430685,
  "omission_weight": 0.9641864249558796,
  "omission_cap": 6.097002632241975,
  "transition_weight": 3.767804178089734,
  "miss_streak_bonus": 3.3672936144699337,
  "recent_boost": 1.3901683928089466,
  "recent_window": 8
}