{
  "short_window": 5,
  "mid_window": 26,
  "long_window": 39,
  "w_short": 4.708739760602832,
  "w_mid": 1.5429870925467433,
  "w_long": 0.2575371057579088,
  "omission_weight": 0.8481927810619964,
  "omission_cap": 6.016133440735774,
  "transition_weight": 5.798984240370254,
  "miss_streak_bonus": 5.164334999718325,
  "recent_boost": 2.0412544982283802,
  "recent_window": 5,
  "streak_bonus": 1.5073241717443473,
  "single_threshold": 0.6072163819490101,
  "unilateral_hot_weight": 2.3678998438354353,
  "unilateral_trans_weight": 2.3140027784177333,
  "unilateral_rev_weight": 0.5249532723745196,
  "chaos_cold_weight": 2.66331355650371,
  "chaos_rev_weight": 1.7526820177147842,
  "chaos_hot_weight": 1.0853642683932334,
  "rotate_trans_weight": 2.4484161348093694,
  "rotate_cold_weight": 0.790024252478455,
  "rotate_rev_weight": 1.1134747395754867,
  "market_hot_weight": 1.1347911357312794,
  "market_cold_weight": 1.5655998388012828,
  "market_trans_weight": 1.8614957624473085,
  "market_rev_weight": 0.6887429257410314
}