{
  "short_window": 16,
  "mid_window": 35,
  "long_window": 79,
  "w_short": 1.467977560773936,
  "w_mid": 0.7170848751959578,
  "w_long": 0.3388790314931315,
  "omission_weight": 1.4016243954801657,
  "omission_cap": 9.53978712030695,
  "transition_weight": 6.19759386367285,
  "miss_streak_bonus": 3.3571164752604834
}